-- MySQL Script generated by MySQL Workbench
-- Fri Dec  8 16:30:08 2023
-- Model: Harvest Hub Australia    Version: 1.0
-- MySQL Workbench Forward Engineering

SET @OLD_UNIQUE_CHECKS=@@UNIQUE_CHECKS, UNIQUE_CHECKS=0;
SET @OLD_FOREIGN_KEY_CHECKS=@@FOREIGN_KEY_CHECKS, FOREIGN_KEY_CHECKS=0;
SET @OLD_SQL_MODE=@@SQL_MODE, SQL_MODE='ONLY_FULL_GROUP_BY,STRICT_TRANS_TABLES,NO_ZERO_IN_DATE,NO_ZERO_DATE,ERROR_FOR_DIVISION_BY_ZERO,NO_ENGINE_SUBSTITUTION';

-- -----------------------------------------------------
-- Schema HHA
-- -----------------------------------------------------

-- -----------------------------------------------------
-- Schema HHA
-- -----------------------------------------------------
CREATE SCHEMA IF NOT EXISTS `HHA` DEFAULT CHARACTER SET utf8 ;
USE `HHA` ;

-- -----------------------------------------------------
-- Table `HHA`.`page_tbl`
-- -----------------------------------------------------
DROP TABLE IF EXISTS `HHA`.`page_tbl` ;

CREATE TABLE IF NOT EXISTS `HHA`.`page_tbl` (
  `page_id` INT NOT NULL AUTO_INCREMENT,
  `page_code` VARCHAR(45) NOT NULL,
  `page_title` VARCHAR(100) NULL,
  `url` VARCHAR(50) NOT NULL,
  `description` TEXT NULL,
  `defaults` ENUM('Y', 'N') NOT NULL DEFAULT 'N',
  `access_level` ENUM('PRIVATE', 'PUBLIC') NOT NULL DEFAULT 'PUBLIC',
  PRIMARY KEY (`page_id`))
ENGINE = InnoDB;


-- -----------------------------------------------------
-- Table `HHA`.`user_type`
-- -----------------------------------------------------
DROP TABLE IF EXISTS `HHA`.`user_type` ;

CREATE TABLE IF NOT EXISTS `HHA`.`user_type` (
  `user_type_id` INT NOT NULL AUTO_INCREMENT,
  `user_type` VARCHAR(45) NOT NULL,
  `description` TEXT NULL,
  PRIMARY KEY (`user_type_id`))
ENGINE = InnoDB;


-- -----------------------------------------------------
-- Table `HHA`.`resp_tbl`
-- -----------------------------------------------------
DROP TABLE IF EXISTS `HHA`.`resp_tbl` ;

CREATE TABLE IF NOT EXISTS `HHA`.`resp_tbl` (
  `resp_id` INT NOT NULL AUTO_INCREMENT,
  `page_id` INT NOT NULL,
  `user_type_id` INT NOT NULL,
  PRIMARY KEY (`resp_id`),
  INDEX `FK_PAGE_idx` (`page_id` ASC),
  INDEX `FK_USER_TYPE_idx` (`user_type_id` ASC),
  CONSTRAINT `FK_PAGE`
    FOREIGN KEY (`page_id`)
    REFERENCES `HHA`.`page_tbl` (`page_id`)
    ON DELETE NO ACTION
    ON UPDATE NO ACTION,
  CONSTRAINT `FK_USER_TYPE`
    FOREIGN KEY (`user_type_id`)
    REFERENCES `HHA`.`user_type` (`user_type_id`)
    ON DELETE NO ACTION
    ON UPDATE NO ACTION)
ENGINE = InnoDB;


-- -----------------------------------------------------
-- Table `HHA`.`users`
-- -----------------------------------------------------
DROP TABLE IF EXISTS `HHA`.`users` ;

CREATE TABLE IF NOT EXISTS `HHA`.`users` (
  `user_id` INT NOT NULL AUTO_INCREMENT,
  `email` VARCHAR(45) NOT NULL,
  `phone` VARCHAR(45) NOT NULL,
  `password` VARCHAR(100) NOT NULL,
  `firstname` VARCHAR(45) NULL,
  `lastname` VARCHAR(45) NULL,
  `last_logon` DATETIME NOT NULL,
  `user_status` ENUM('ACTIVE', 'PENDING', 'DISABLED') NOT NULL DEFAULT 'ACTIVE',
  `user_type_id` INT NOT NULL,
  `address` VARCHAR(45) NULL,
  `city` VARCHAR(45) NULL,
  `state` VARCHAR(45) NULL,
  PRIMARY KEY (`user_id`),
  INDEX `FK_USER_TYPE_ID_2_idx` (`user_type_id` ASC),
  CONSTRAINT `FK_USER_TYPE_ID_2`
    FOREIGN KEY (`user_type_id`)
    REFERENCES `HHA`.`user_type` (`user_type_id`)
    ON DELETE NO ACTION
    ON UPDATE NO ACTION)
ENGINE = InnoDB;


-- -----------------------------------------------------
-- Table `HHA`.`farm`
-- -----------------------------------------------------
DROP TABLE IF EXISTS `HHA`.`farm` ;

CREATE TABLE IF NOT EXISTS `HHA`.`farm` (
  `farm_id` INT NOT NULL AUTO_INCREMENT,
  `farm_name` VARCHAR(45) NOT NULL,
  `address` TEXT NULL,
  `email` VARCHAR(100) NOT NULL,
  `phone` VARCHAR(45) NOT NULL,
  `admin_id` INT NOT NULL,
  `created_by` VARCHAR(45) NOT NULL,
  `created_at` DATETIME NOT NULL,
  PRIMARY KEY (`farm_id`),
  INDEX `FK_ADMIN_ID_idx` (`admin_id` ASC),
  CONSTRAINT `FK_ADMIN_ID`
    FOREIGN KEY (`admin_id`)
    REFERENCES `HHA`.`users` (`user_id`)
    ON DELETE NO ACTION
    ON UPDATE NO ACTION)
ENGINE = InnoDB;


-- -----------------------------------------------------
-- Table `HHA`.`product_category`
-- -----------------------------------------------------
DROP TABLE IF EXISTS `HHA`.`product_category` ;

CREATE TABLE IF NOT EXISTS `HHA`.`product_category` (
  `category_id` INT NOT NULL AUTO_INCREMENT,
  `category_name` VARCHAR(45) NOT NULL,
  `description` TEXT NULL,
  PRIMARY KEY (`category_id`))
ENGINE = InnoDB;


-- -----------------------------------------------------
-- Table `HHA`.`product`
-- -----------------------------------------------------
DROP TABLE IF EXISTS `HHA`.`product` ;

CREATE TABLE IF NOT EXISTS `HHA`.`product` (
  `product_id` INT NOT NULL AUTO_INCREMENT,
  `product_name` VARCHAR(45) NOT NULL,
  `unit_of_measure` VARCHAR(45) NULL,
  `product_description` TEXT NULL,
  `product_price` DECIMAL NULL,
  `category_id` INT NOT NULL,
  `store_id` INT NOT NULL,
  PRIMARY KEY (`product_id`),
  INDEX `FK_CAT_ID_idx` (`category_id` ASC),
  INDEX `FK_STORE_ID_idx` (`store_id` ASC),
  CONSTRAINT `FK_CAT_ID`
    FOREIGN KEY (`category_id`)
    REFERENCES `HHA`.`product_category` (`category_id`)
    ON DELETE NO ACTION
    ON UPDATE NO ACTION,
  CONSTRAINT `FK_FARM_ID`
    FOREIGN KEY (`store_id`)
    REFERENCES `HHA`.`farm` (`farm_id`)
    ON DELETE NO ACTION
    ON UPDATE NO ACTION)
ENGINE = InnoDB;


-- -----------------------------------------------------
-- Table `HHA`.`inventory`
-- -----------------------------------------------------
DROP TABLE IF EXISTS `HHA`.`inventory` ;

CREATE TABLE IF NOT EXISTS `HHA`.`inventory` (
  `inventory_id` INT NOT NULL AUTO_INCREMENT,
  `product_id` INT NOT NULL,
  `quantity` INT NOT NULL,
  PRIMARY KEY (`inventory_id`),
  INDEX `FK_PRODUCT_ID_idx` (`product_id` ASC),
  CONSTRAINT `FK_PRODUCT_ID`
    FOREIGN KEY (`product_id`)
    REFERENCES `HHA`.`product` (`product_id`)
    ON DELETE NO ACTION
    ON UPDATE NO ACTION)
ENGINE = InnoDB;


-- -----------------------------------------------------
-- Table `HHA`.`orders`
-- -----------------------------------------------------
DROP TABLE IF EXISTS `HHA`.`orders` ;

CREATE TABLE IF NOT EXISTS `HHA`.`orders` (
  `order_id` INT NOT NULL AUTO_INCREMENT,
  `order_number` VARCHAR(45) NOT NULL,
  `total_amount` DECIMAL NOT NULL,
  `ordered_from` INT NOT NULL,
  `ordered_by` INT NOT NULL,
  `ordered_at` DATETIME NOT NULL,
  `order_status` ENUM('ORDERED', 'SHIPPED', 'DELIVERED') NOT NULL DEFAULT 'ORDERED',
  `shipping_address` TEXT NULL,
  `shipping_city` VARCHAR(45) NULL,
  `shipping_state` VARCHAR(45) NULL,
  `credit_card` VARCHAR(16) NULL,
  `cc_month` INT(2) NULL,
  `cc_year` INT(4) NULL,
  `cvv` INT(4) NULL,
  PRIMARY KEY (`order_id`),
  INDEX `FK_ORDERED_FROM_idx` (`ordered_from` ASC),
  INDEX `FK_ORDERED_BY_idx` (`ordered_by` ASC),
  CONSTRAINT `FK_ORDERED_FROM`
    FOREIGN KEY (`ordered_from`)
    REFERENCES `HHA`.`farm` (`farm_id`)
    ON DELETE NO ACTION
    ON UPDATE NO ACTION,
  CONSTRAINT `FK_ORDERED_BY`
    FOREIGN KEY (`ordered_by`)
    REFERENCES `HHA`.`users` (`user_id`)
    ON DELETE NO ACTION
    ON UPDATE NO ACTION)
ENGINE = InnoDB;


-- -----------------------------------------------------
-- Table `HHA`.`order_details`
-- -----------------------------------------------------
DROP TABLE IF EXISTS `HHA`.`order_details` ;

CREATE TABLE IF NOT EXISTS `HHA`.`order_details` (
  `detail_id` INT NOT NULL AUTO_INCREMENT,
  `order_header_id` INT NOT NULL,
  `product_id` INT NOT NULL,
  `quantity` INT NOT NULL,
  `price` DECIMAL NOT NULL,
  `sub_total` DECIMAL NOT NULL,
  PRIMARY KEY (`detail_id`),
  INDEX `FK_ORDER_HEADER_idx` (`order_header_id` ASC),
  INDEX `FK_PROD_2_idx` (`product_id` ASC),
  CONSTRAINT `FK_ORDER_HEADER`
    FOREIGN KEY (`order_header_id`)
    REFERENCES `HHA`.`orders` (`order_id`)
    ON DELETE NO ACTION
    ON UPDATE NO ACTION,
  CONSTRAINT `FK_PROD_2`
    FOREIGN KEY (`product_id`)
    REFERENCES `HHA`.`product` (`product_id`)
    ON DELETE NO ACTION
    ON UPDATE NO ACTION)
ENGINE = InnoDB;


-- -----------------------------------------------------
-- Table `HHA`.`inventory_history`
-- -----------------------------------------------------
DROP TABLE IF EXISTS `HHA`.`inventory_history` ;

CREATE TABLE IF NOT EXISTS `HHA`.`inventory_history` (
  `history_id` INT NOT NULL AUTO_INCREMENT,
  `product_id` INT NOT NULL,
  `quantity` INT NOT NULL,
  `added_by` INT NOT NULL,
  `added_at` DATETIME NOT NULL,
  PRIMARY KEY (`history_id`),
  INDEX `fk_prod_inv_idx` (`product_id` ASC),
  INDEX `fk_user_id_idx` (`added_by` ASC),
  CONSTRAINT `fk_prod_inv`
    FOREIGN KEY (`product_id`)
    REFERENCES `HHA`.`product` (`product_id`)
    ON DELETE NO ACTION
    ON UPDATE NO ACTION,
  CONSTRAINT `fk_user_id`
    FOREIGN KEY (`added_by`)
    REFERENCES `HHA`.`users` (`user_id`)
    ON DELETE NO ACTION
    ON UPDATE NO ACTION)
ENGINE = InnoDB;


SET SQL_MODE=@OLD_SQL_MODE;
SET FOREIGN_KEY_CHECKS=@OLD_FOREIGN_KEY_CHECKS;
SET UNIQUE_CHECKS=@OLD_UNIQUE_CHECKS;

-- -----------------------------------------------------
-- Data for table `HHA`.`page_tbl`
-- -----------------------------------------------------
START TRANSACTION;
USE `HHA`;
INSERT INTO `HHA`.`page_tbl` (`page_id`, `page_code`, `page_title`, `url`, `description`, `defaults`, `access_level`) VALUES (1, 'HOME', 'Homepage', 'pages/home.php', 'Home page', 'Y', 'PUBLIC');
INSERT INTO `HHA`.`page_tbl` (`page_id`, `page_code`, `page_title`, `url`, `description`, `defaults`, `access_level`) VALUES (2, '404', '404 not found page', 'pages/404.php', '404 errorr not found page', 'N', 'PUBLIC');
INSERT INTO `HHA`.`page_tbl` (`page_id`, `page_code`, `page_title`, `url`, `description`, `defaults`, `access_level`) VALUES (3, 'ABOUT', 'About Us', 'pages/about.php', 'About us page', 'N', 'PUBLIC');
INSERT INTO `HHA`.`page_tbl` (`page_id`, `page_code`, `page_title`, `url`, `description`, `defaults`, `access_level`) VALUES (4, 'CONTACT', 'Contact us', 'pages/contact.php', 'Contact us page', 'N', 'PUBLIC');
INSERT INTO `HHA`.`page_tbl` (`page_id`, `page_code`, `page_title`, `url`, `description`, `defaults`, `access_level`) VALUES (5, 'FARM', 'FARM', 'pages/farm.php', 'Farm Front', 'N', 'PUBLIC');
INSERT INTO `HHA`.`page_tbl` (`page_id`, `page_code`, `page_title`, `url`, `description`, `defaults`, `access_level`) VALUES (6, 'PRODUCT', 'Product Detail', 'pages/product.php', 'Product Detail', 'N', 'PUBLIC');
INSERT INTO `HHA`.`page_tbl` (`page_id`, `page_code`, `page_title`, `url`, `description`, `defaults`, `access_level`) VALUES (7, 'CART', 'Shopping cart', 'pages/cart.php', 'Shopping cart', 'N', 'PUBLIC');
INSERT INTO `HHA`.`page_tbl` (`page_id`, `page_code`, `page_title`, `url`, `description`, `defaults`, `access_level`) VALUES (8, 'ACCOUNT', 'Account', 'pages/account.php', 'Account page', 'N', 'PRIVATE');
INSERT INTO `HHA`.`page_tbl` (`page_id`, `page_code`, `page_title`, `url`, `description`, `defaults`, `access_level`) VALUES (9, 'CHECKOUT', 'Checkout Page', 'pages/checkout.php', 'Order checkout page', 'N', 'PRIVATE');
INSERT INTO `HHA`.`page_tbl` (`page_id`, `page_code`, `page_title`, `url`, `description`, `defaults`, `access_level`) VALUES (10, 'SEARCH', 'Search Page', 'pages/search.php', 'Search page', 'N', 'PUBLIC');
INSERT INTO `HHA`.`page_tbl` (`page_id`, `page_code`, `page_title`, `url`, `description`, `defaults`, `access_level`) VALUES (11, 'LOGOUT', 'Logout Page', 'pages/logout.php', 'Logout Page', 'N', 'PRIVATE');
INSERT INTO `HHA`.`page_tbl` (`page_id`, `page_code`, `page_title`, `url`, `description`, `defaults`, `access_level`) VALUES (12, 'FARMS', 'FARMS', 'pages/farms.php', 'Farms list', 'N', 'PUBLIC');
INSERT INTO `HHA`.`page_tbl` (`page_id`, `page_code`, `page_title`, `url`, `description`, `defaults`, `access_level`) VALUES (13, 'OHISTORY', 'Order History', 'pages/ohistory.php', 'Order History', 'N', 'PRIVATE');
INSERT INTO `HHA`.`page_tbl` (`page_id`, `page_code`, `page_title`, `url`, `description`, `defaults`, `access_level`) VALUES (14, 'FOHISTORY', 'Farm Order History', 'pages/fohistory.php', 'Farm Order history', 'N', 'PRIVATE');

COMMIT;


-- -----------------------------------------------------
-- Data for table `HHA`.`user_type`
-- -----------------------------------------------------
START TRANSACTION;
USE `HHA`;
INSERT INTO `HHA`.`user_type` (`user_type_id`, `user_type`, `description`) VALUES (1, 'ADMIN', 'Administrator');
INSERT INTO `HHA`.`user_type` (`user_type_id`, `user_type`, `description`) VALUES (2, 'Farmer', 'Farmer');
INSERT INTO `HHA`.`user_type` (`user_type_id`, `user_type`, `description`) VALUES (3, 'User', 'User');

COMMIT;


-- -----------------------------------------------------
-- Data for table `HHA`.`resp_tbl`
-- -----------------------------------------------------
START TRANSACTION;
USE `HHA`;
INSERT INTO `HHA`.`resp_tbl` (`resp_id`, `page_id`, `user_type_id`) VALUES (1, 8, 1);
INSERT INTO `HHA`.`resp_tbl` (`resp_id`, `page_id`, `user_type_id`) VALUES (2, 8, 2);
INSERT INTO `HHA`.`resp_tbl` (`resp_id`, `page_id`, `user_type_id`) VALUES (3, 8, 3);
INSERT INTO `HHA`.`resp_tbl` (`resp_id`, `page_id`, `user_type_id`) VALUES (4, 9, 1);
INSERT INTO `HHA`.`resp_tbl` (`resp_id`, `page_id`, `user_type_id`) VALUES (5, 9, 2);
INSERT INTO `HHA`.`resp_tbl` (`resp_id`, `page_id`, `user_type_id`) VALUES (6, 9, 3);
INSERT INTO `HHA`.`resp_tbl` (`resp_id`, `page_id`, `user_type_id`) VALUES (7, 11, 1);
INSERT INTO `HHA`.`resp_tbl` (`resp_id`, `page_id`, `user_type_id`) VALUES (8, 11, 2);
INSERT INTO `HHA`.`resp_tbl` (`resp_id`, `page_id`, `user_type_id`) VALUES (9, 11, 3);
INSERT INTO `HHA`.`resp_tbl` (`resp_id`, `page_id`, `user_type_id`) VALUES (10, 13, 1);
INSERT INTO `HHA`.`resp_tbl` (`resp_id`, `page_id`, `user_type_id`) VALUES (11, 13, 2);
INSERT INTO `HHA`.`resp_tbl` (`resp_id`, `page_id`, `user_type_id`) VALUES (12, 13, 3);
INSERT INTO `HHA`.`resp_tbl` (`resp_id`, `page_id`, `user_type_id`) VALUES (13, 14, 2);

COMMIT;


-- -----------------------------------------------------
-- Data for table `HHA`.`users`
-- -----------------------------------------------------
START TRANSACTION;
USE `HHA`;
INSERT INTO `HHA`.`users` (`user_id`, `email`, `phone`, `password`, `firstname`, `lastname`, `last_logon`, `user_status`, `user_type_id`, `address`, `city`, `state`) VALUES (1, 'lucidtoy@gmail.com', '0426700655', '5f4dcc3b5aa765d61d8327deb882cf99', 'Solomon', 'Oladokun', '2023-11-28 00:00:00', 'ACTIVE', 2, '40 Kilmington Road', 'Davoren Park', 'SA');
INSERT INTO `HHA`.`users` (`user_id`, `email`, `phone`, `password`, `firstname`, `lastname`, `last_logon`, `user_status`, `user_type_id`, `address`, `city`, `state`) VALUES (2, 'ooladokun3044@gmail.com', '0426700655', '5f4dcc3b5aa765d61d8327deb882cf99', 'Andrew', 'Smith', '2023-11-29 00:00:00', 'ACTIVE', 2, '40 Kilmington Road', 'Davoren Park', NULL);
INSERT INTO `HHA`.`users` (`user_id`, `email`, `phone`, `password`, `firstname`, `lastname`, `last_logon`, `user_status`, `user_type_id`, `address`, `city`, `state`) VALUES (3, 'lucidtoy@yahoo.com', '0426700655', '5f4dcc3b5aa765d61d8327deb882cf99', 'Oladayo', 'Oladokun', '2023-11-29 00:00:00', 'ACTIVE', 2, '40 Kilmington Road', 'Davoren Park', NULL);
INSERT INTO `HHA`.`users` (`user_id`, `email`, `phone`, `password`, `firstname`, `lastname`, `last_logon`, `user_status`, `user_type_id`, `address`, `city`, `state`) VALUES (4, 'info@stadok.com', '0426700655', '5f4dcc3b5aa765d61d8327deb882cf99', 'Vincent', 'Uba', '2023-11-29 00:00:00', 'ACTIVE', 2, '40 Kilmington Road', 'Davoren Park', NULL);

COMMIT;


-- -----------------------------------------------------
-- Data for table `HHA`.`farm`
-- -----------------------------------------------------
START TRANSACTION;
USE `HHA`;
INSERT INTO `HHA`.`farm` (`farm_id`, `farm_name`, `address`, `email`, `phone`, `admin_id`, `created_by`, `created_at`) VALUES (1, 'Farmers Warehouse', '50 Magpie Street (next door to Bunnings)', 'sales@farmerswarehouse.com.au', '02 4992 1639', 1, 'lucidtoy@gmail.com', '2023-11-28 00:00:00');
INSERT INTO `HHA`.`farm` (`farm_id`, `farm_name`, `address`, `email`, `phone`, `admin_id`, `created_by`, `created_at`) VALUES (2, 'Andrews Farm', '27 Andrews Farm', 'info@andrewsfarm.com.au', '03 4562 7890', 2, 'lucidtoy@gmail.com', '2023-11-28 00:00:00');
INSERT INTO `HHA`.`farm` (`farm_id`, `farm_name`, `address`, `email`, `phone`, `admin_id`, `created_by`, `created_at`) VALUES (3, 'Ola Farms', '33d orlando avenue', 'info@ooladokun3044.com.au', '04 2670 0655', 3, 'lucidtoy@gmail.com', '2023-11-28 00:00:00');
INSERT INTO `HHA`.`farm` (`farm_id`, `farm_name`, `address`, `email`, `phone`, `admin_id`, `created_by`, `created_at`) VALUES (4, 'Vincent Carrots', '15A wilkins road', 'vincent@carrots.com.au', '04 2670 0655', 4, 'lucidtoy@gmail.com', '2023-11-28 00:00:00');

COMMIT;


-- -----------------------------------------------------
-- Data for table `HHA`.`product_category`
-- -----------------------------------------------------
START TRANSACTION;
USE `HHA`;
INSERT INTO `HHA`.`product_category` (`category_id`, `category_name`, `description`) VALUES (1, 'Fresh Produce', 'Fresh Produce');
INSERT INTO `HHA`.`product_category` (`category_id`, `category_name`, `description`) VALUES (2, 'Vegetables', 'Vegetables');
INSERT INTO `HHA`.`product_category` (`category_id`, `category_name`, `description`) VALUES (3, 'Fruit & Nut Gifts', 'Fruit & Nut Gifts');
INSERT INTO `HHA`.`product_category` (`category_id`, `category_name`, `description`) VALUES (4, 'Fresh Berries', 'Fresh Berries');
INSERT INTO `HHA`.`product_category` (`category_id`, `category_name`, `description`) VALUES (5, 'Sea Foods', 'Sea Foods');
INSERT INTO `HHA`.`product_category` (`category_id`, `category_name`, `description`) VALUES (6, 'Butter & Eggs', 'Butter & Eggs');
INSERT INTO `HHA`.`product_category` (`category_id`, `category_name`, `description`) VALUES (7, 'Fresh Onion', 'Fresh Onion');

COMMIT;


-- -----------------------------------------------------
-- Data for table `HHA`.`product`
-- -----------------------------------------------------
START TRANSACTION;
USE `HHA`;
INSERT INTO `HHA`.`product` (`product_id`, `product_name`, `unit_of_measure`, `product_description`, `product_price`, `category_id`, `store_id`) VALUES (1, 'Tomato', 'Kg', 'Fresh organic Tomatoes', 2.00, 1, 1);
INSERT INTO `HHA`.`product` (`product_id`, `product_name`, `unit_of_measure`, `product_description`, `product_price`, `category_id`, `store_id`) VALUES (2, 'Tomato', 'kg', 'Organically grown tomatoes', 3.00, 1, 2);
INSERT INTO `HHA`.`product` (`product_id`, `product_name`, `unit_of_measure`, `product_description`, `product_price`, `category_id`, `store_id`) VALUES (3, 'Tomato', 'kg', 'Indegeniously produced tomatoes', 1.99, 1, 3);
INSERT INTO `HHA`.`product` (`product_id`, `product_name`, `unit_of_measure`, `product_description`, `product_price`, `category_id`, `store_id`) VALUES (4, 'Organic Tomato', 'kg', 'Organic Fresh sweet tomatoes', 3.50, 1, 4);
INSERT INTO `HHA`.`product` (`product_id`, `product_name`, `unit_of_measure`, `product_description`, `product_price`, `category_id`, `store_id`) VALUES (5, 'Apple', 'box of 6', 'Apples', 1.20, 1, 1);
INSERT INTO `HHA`.`product` (`product_id`, `product_name`, `unit_of_measure`, `product_description`, `product_price`, `category_id`, `store_id`) VALUES (6, 'Fresh Apples', 'box of 6', 'Apples', 1.50, 1, 2);
INSERT INTO `HHA`.`product` (`product_id`, `product_name`, `unit_of_measure`, `product_description`, `product_price`, `category_id`, `store_id`) VALUES (7, 'Apple', 'box of 3', 'Apples', 0.99, 1, 3);
INSERT INTO `HHA`.`product` (`product_id`, `product_name`, `unit_of_measure`, `product_description`, `product_price`, `category_id`, `store_id`) VALUES (8, 'Organic Apples', 'box of 6', 'Apples', 2.99, 1, 4);
INSERT INTO `HHA`.`product` (`product_id`, `product_name`, `unit_of_measure`, `product_description`, `product_price`, `category_id`, `store_id`) VALUES (9, 'Strawberry', 'pack of 500g', 'Strawberry', 3.00, 1, 1);
INSERT INTO `HHA`.`product` (`product_id`, `product_name`, `unit_of_measure`, `product_description`, `product_price`, `category_id`, `store_id`) VALUES (10, 'Strawberry', 'pack of 500g', 'Strawberry', 2.50, 1, 2);
INSERT INTO `HHA`.`product` (`product_id`, `product_name`, `unit_of_measure`, `product_description`, `product_price`, `category_id`, `store_id`) VALUES (11, 'Strawberry', 'pack of 500g', 'Strawberry', 2.20, 1, 3);
INSERT INTO `HHA`.`product` (`product_id`, `product_name`, `unit_of_measure`, `product_description`, `product_price`, `category_id`, `store_id`) VALUES (12, 'Organic Strawberry', 'pack of 500g', 'Strawberry', 3.99, 1, 4);
INSERT INTO `HHA`.`product` (`product_id`, `product_name`, `unit_of_measure`, `product_description`, `product_price`, `category_id`, `store_id`) VALUES (13, 'avocado', 'KG', 'avocado', 3.45, 2, 1);
INSERT INTO `HHA`.`product` (`product_id`, `product_name`, `unit_of_measure`, `product_description`, `product_price`, `category_id`, `store_id`) VALUES (14, 'avocado', 'KG', 'avocado', 2.99, 2, 2);
INSERT INTO `HHA`.`product` (`product_id`, `product_name`, `unit_of_measure`, `product_description`, `product_price`, `category_id`, `store_id`) VALUES (15, 'Fresh avocado', 'KG', 'avocado', 3.99, 2, 3);
INSERT INTO `HHA`.`product` (`product_id`, `product_name`, `unit_of_measure`, `product_description`, `product_price`, `category_id`, `store_id`) VALUES (16, 'Organic avocado', 'KG', 'avocado', 4.99, 2, 4);
INSERT INTO `HHA`.`product` (`product_id`, `product_name`, `unit_of_measure`, `product_description`, `product_price`, `category_id`, `store_id`) VALUES (17, 'broccoli', 'Kg', 'broccoli', 1.50, 2, 1);
INSERT INTO `HHA`.`product` (`product_id`, `product_name`, `unit_of_measure`, `product_description`, `product_price`, `category_id`, `store_id`) VALUES (18, 'broccoli', 'kg', 'broccoli', 2.00, 2, 2);
INSERT INTO `HHA`.`product` (`product_id`, `product_name`, `unit_of_measure`, `product_description`, `product_price`, `category_id`, `store_id`) VALUES (19, 'broccoli', 'kg', 'broccoli', 1.99, 2, 3);
INSERT INTO `HHA`.`product` (`product_id`, `product_name`, `unit_of_measure`, `product_description`, `product_price`, `category_id`, `store_id`) VALUES (20, 'Organic broccoli', 'kg', 'broccoli', 2.99, 2, 4);
INSERT INTO `HHA`.`product` (`product_id`, `product_name`, `unit_of_measure`, `product_description`, `product_price`, `category_id`, `store_id`) VALUES (21, 'Mango', 'Piece(s)', 'Mango', 1.00, 3, 1);
INSERT INTO `HHA`.`product` (`product_id`, `product_name`, `unit_of_measure`, `product_description`, `product_price`, `category_id`, `store_id`) VALUES (22, 'Mango', 'Piece(s)', 'Mango', 1.20, 3, 2);
INSERT INTO `HHA`.`product` (`product_id`, `product_name`, `unit_of_measure`, `product_description`, `product_price`, `category_id`, `store_id`) VALUES (23, 'Mango', 'Piece(s)', 'Mango', 1.50, 3, 3);
INSERT INTO `HHA`.`product` (`product_id`, `product_name`, `unit_of_measure`, `product_description`, `product_price`, `category_id`, `store_id`) VALUES (24, 'Organic Mango', 'Piece(s)', 'Mango', 2.00, 3, 4);
INSERT INTO `HHA`.`product` (`product_id`, `product_name`, `unit_of_measure`, `product_description`, `product_price`, `category_id`, `store_id`) VALUES (25, 'Banana', 'Kg', 'Banana', 1.00, 3, 1);
INSERT INTO `HHA`.`product` (`product_id`, `product_name`, `unit_of_measure`, `product_description`, `product_price`, `category_id`, `store_id`) VALUES (26, 'Banana', 'kg', 'Banana', 1.00, 3, 2);
INSERT INTO `HHA`.`product` (`product_id`, `product_name`, `unit_of_measure`, `product_description`, `product_price`, `category_id`, `store_id`) VALUES (27, 'Banana', 'kg', 'Banana', 1.00, 3, 3);
INSERT INTO `HHA`.`product` (`product_id`, `product_name`, `unit_of_measure`, `product_description`, `product_price`, `category_id`, `store_id`) VALUES (28, 'Organic Banana', 'kg', 'Banana', 2.00, 3, 4);
INSERT INTO `HHA`.`product` (`product_id`, `product_name`, `unit_of_measure`, `product_description`, `product_price`, `category_id`, `store_id`) VALUES (29, 'Fresh Fish', 'kg', 'Fresh Fish', 15.00, 5, 3);
INSERT INTO `HHA`.`product` (`product_id`, `product_name`, `unit_of_measure`, `product_description`, `product_price`, `category_id`, `store_id`) VALUES (30, 'Fresh Fish', 'kg', 'Fresh Fish', 19.00, 5, 2);
INSERT INTO `HHA`.`product` (`product_id`, `product_name`, `unit_of_measure`, `product_description`, `product_price`, `category_id`, `store_id`) VALUES (31, 'Frozen Fish', 'box', 'Frozen Fish', 21.00, 5, 3);
INSERT INTO `HHA`.`product` (`product_id`, `product_name`, `unit_of_measure`, `product_description`, `product_price`, `category_id`, `store_id`) VALUES (32, 'Frozen Mackerel', 'box', 'Frozen Fish', 29.00, 5, 3);
INSERT INTO `HHA`.`product` (`product_id`, `product_name`, `unit_of_measure`, `product_description`, `product_price`, `category_id`, `store_id`) VALUES (33, 'Salmon', 'kg', 'Salmon', 13.00, 5, 2);
INSERT INTO `HHA`.`product` (`product_id`, `product_name`, `unit_of_measure`, `product_description`, `product_price`, `category_id`, `store_id`) VALUES (34, 'Prawns', 'pack', 'Prawns', 30.00, 5, 2);
INSERT INTO `HHA`.`product` (`product_id`, `product_name`, `unit_of_measure`, `product_description`, `product_price`, `category_id`, `store_id`) VALUES (35, 'Prawns', 'pack', 'Prawns', 25.00, 5, 3);
INSERT INTO `HHA`.`product` (`product_id`, `product_name`, `unit_of_measure`, `product_description`, `product_price`, `category_id`, `store_id`) VALUES (36, 'Chantenay Carrots', 'box', 'Carrots', 2.99, 3, 4);
INSERT INTO `HHA`.`product` (`product_id`, `product_name`, `unit_of_measure`, `product_description`, `product_price`, `category_id`, `store_id`) VALUES (37, 'Atomic Red', 'box', 'Carrots', 5.99, 3, 4);

COMMIT;

